Picture_name;Cell_name;Building_label;Vegetation_label;Road_label
C:\Users\lipovitsa\Documents\_img\urban\prg\UrbanizationIndexUj_LT_20140827\UrbanizationIndexUj_LT_20140814\UrbanizationIndex\bin\Debug\tempproject\1\01.bmp;0;2;1;1
C:\Users\lipovitsa\Documents\_img\urban\prg\UrbanizationIndexUj_LT_20140827\UrbanizationIndexUj_LT_20140814\UrbanizationIndex\bin\Debug\tempproject\1\01.bmp;1;1;1;1
C:\Users\lipovitsa\Documents\_img\urban\prg\UrbanizationIndexUj_LT_20140827\UrbanizationIndexUj_LT_20140814\UrbanizationIndex\bin\Debug\tempproject\1\01.bmp;2;0;2;0
C:\Users\lipovitsa\Documents\_img\urban\prg\UrbanizationIndexUj_LT_20140827\UrbanizationIndexUj_LT_20140814\UrbanizationIndex\bin\Debug\tempproject\1\01.bmp;3;0;2;0
C:\Users\lipovitsa\Documents\_img\urban\prg\UrbanizationIndexUj_LT_20140827\UrbanizationIndexUj_LT_20140814\UrbanizationIndex\bin\Debug\tempproject\1\01.bmp;4;2;1;1
C:\Users\lipovitsa\Documents\_img\urban\prg\UrbanizationIndexUj_LT_20140827\UrbanizationIndexUj_LT_20140814\UrbanizationIndex\bin\Debug\tempproject\1\01.bmp;5;2;1;1
C:\Users\lipovitsa\Documents\_img\urban\prg\UrbanizationIndexUj_LT_20140827\UrbanizationIndexUj_LT_20140814\UrbanizationIndex\bin\Debug\tempproject\1\01.bmp;6;2;1;1
C:\Users\lipovitsa\Documents\_img\urban\prg\UrbanizationIndexUj_LT_20140827\UrbanizationIndexUj_LT_20140814\UrbanizationIndex\bin\Debug\tempproject\1\01.bmp;7;2;1;1
C:\Users\lipovitsa\Documents\_img\urban\prg\UrbanizationIndexUj_LT_20140827\UrbanizationIndexUj_LT_20140814\UrbanizationIndex\bin\Debug\tempproject\1\01.bmp;8;1;2;1
C:\Users\lipovitsa\Documents\_img\urban\prg\UrbanizationIndexUj_LT_20140827\UrbanizationIndexUj_LT_20140814\UrbanizationIndex\bin\Debug\tempproject\1\01.bmp;9;2;1;1
C:\Users\lipovitsa\Documents\_img\urban\prg\UrbanizationIndexUj_LT_20140827\UrbanizationIndexUj_LT_20140814\UrbanizationIndex\bin\Debug\tempproject\1\01.bmp;10;2;1;1
C:\Users\lipovitsa\Documents\_img\urban\prg\UrbanizationIndexUj_LT_20140827\UrbanizationIndexUj_LT_20140814\UrbanizationIndex\bin\Debug\tempproject\1\01.bmp;11;2;1;1
C:\Users\lipovitsa\Documents\_img\urban\prg\UrbanizationIndexUj_LT_20140827\UrbanizationIndexUj_LT_20140814\UrbanizationIndex\bin\Debug\tempproject\1\01.bmp;12;2;1;1
C:\Users\lipovitsa\Documents\_img\urban\prg\UrbanizationIndexUj_LT_20140827\UrbanizationIndexUj_LT_20140814\UrbanizationIndex\bin\Debug\tempproject\1\01.bmp;13;2;1;1
C:\Users\lipovitsa\Documents\_img\urban\prg\UrbanizationIndexUj_LT_20140827\UrbanizationIndexUj_LT_20140814\UrbanizationIndex\bin\Debug\tempproject\1\01.bmp;14;2;2;1
C:\Users\lipovitsa\Documents\_img\urban\prg\UrbanizationIndexUj_LT_20140827\UrbanizationIndexUj_LT_20140814\UrbanizationIndex\bin\Debug\tempproject\1\01.bmp;15;2;1;1
C:\Users\lipovitsa\Documents\_img\urban\prg\UrbanizationIndexUj_LT_20140827\UrbanizationIndexUj_LT_20140814\UrbanizationIndex\bin\Debug\tempproject\1\01.bmp;16;2;1;1
C:\Users\lipovitsa\Documents\_img\urban\prg\UrbanizationIndexUj_LT_20140827\UrbanizationIndexUj_LT_20140814\UrbanizationIndex\bin\Debug\tempproject\1\01.bmp;17;2;1;1
C:\Users\lipovitsa\Documents\_img\urban\prg\UrbanizationIndexUj_LT_20140827\UrbanizationIndexUj_LT_20140814\UrbanizationIndex\bin\Debug\tempproject\1\01.bmp;18;1;2;0
C:\Users\lipovitsa\Documents\_img\urban\prg\UrbanizationIndexUj_LT_20140827\UrbanizationIndexUj_LT_20140814\UrbanizationIndex\bin\Debug\tempproject\1\01.bmp;19;0;2;0
C:\Users\lipovitsa\Documents\_img\urban\prg\UrbanizationIndexUj_LT_20140827\UrbanizationIndexUj_LT_20140814\UrbanizationIndex\bin\Debug\tempproject\1\01.bmp;20;2;2;1
C:\Users\lipovitsa\Documents\_img\urban\prg\UrbanizationIndexUj_LT_20140827\UrbanizationIndexUj_LT_20140814\UrbanizationIndex\bin\Debug\tempproject\1\01.bmp;21;2;2;1
C:\Users\lipovitsa\Documents\_img\urban\prg\UrbanizationIndexUj_LT_20140827\UrbanizationIndexUj_LT_20140814\UrbanizationIndex\bin\Debug\tempproject\1\01.bmp;22;1;1;1
C:\Users\lipovitsa\Documents\_img\urban\prg\UrbanizationIndexUj_LT_20140827\UrbanizationIndexUj_LT_20140814\UrbanizationIndex\bin\Debug\tempproject\1\01.bmp;23;2;1;1
C:\Users\lipovitsa\Documents\_img\urban\prg\UrbanizationIndexUj_LT_20140827\UrbanizationIndexUj_LT_20140814\UrbanizationIndex\bin\Debug\tempproject\1\01.bmp;24;2;1;1
C:\Users\lipovitsa\Documents\_img\urban\prg\UrbanizationIndexUj_LT_20140827\UrbanizationIndexUj_LT_20140814\UrbanizationIndex\bin\Debug\tempproject\1\01.bmp;25;2;1;1
C:\Users\lipovitsa\Documents\_img\urban\prg\UrbanizationIndexUj_LT_20140827\UrbanizationIndexUj_LT_20140814\UrbanizationIndex\bin\Debug\tempproject\1\01.bmp;26;2;1;1
C:\Users\lipovitsa\Documents\_img\urban\prg\UrbanizationIndexUj_LT_20140827\UrbanizationIndexUj_LT_20140814\UrbanizationIndex\bin\Debug\tempproject\1\01.bmp;27;2;1;1
C:\Users\lipovitsa\Documents\_img\urban\prg\UrbanizationIndexUj_LT_20140827\UrbanizationIndexUj_LT_20140814\UrbanizationIndex\bin\Debug\tempproject\1\01.bmp;28;2;1;1
C:\Users\lipovitsa\Documents\_img\urban\prg\UrbanizationIndexUj_LT_20140827\UrbanizationIndexUj_LT_20140814\UrbanizationIndex\bin\Debug\tempproject\1\01.bmp;29;0;2;0
C:\Users\lipovitsa\Documents\_img\urban\prg\UrbanizationIndexUj_LT_20140827\UrbanizationIndexUj_LT_20140814\UrbanizationIndex\bin\Debug\tempproject\1\01.bmp;30;2;1;1
C:\Users\lipovitsa\Documents\_img\urban\prg\UrbanizationIndexUj_LT_20140827\UrbanizationIndexUj_LT_20140814\UrbanizationIndex\bin\Debug\tempproject\1\01.bmp;31;2;1;1
C:\Users\lipovitsa\Documents\_img\urban\prg\UrbanizationIndexUj_LT_20140827\UrbanizationIndexUj_LT_20140814\UrbanizationIndex\bin\Debug\tempproject\1\01.bmp;32;2;1;1
C:\Users\lipovitsa\Documents\_img\urban\prg\UrbanizationIndexUj_LT_20140827\UrbanizationIndexUj_LT_20140814\UrbanizationIndex\bin\Debug\tempproject\1\01.bmp;33;2;1;1
C:\Users\lipovitsa\Documents\_img\urban\prg\UrbanizationIndexUj_LT_20140827\UrbanizationIndexUj_LT_20140814\UrbanizationIndex\bin\Debug\tempproject\1\01.bmp;34;2;1;1
C:\Users\lipovitsa\Documents\_img\urban\prg\UrbanizationIndexUj_LT_20140827\UrbanizationIndexUj_LT_20140814\UrbanizationIndex\bin\Debug\tempproject\1\01.bmp;35;2;1;1
C:\Users\lipovitsa\Documents\_img\urban\prg\UrbanizationIndexUj_LT_20140827\UrbanizationIndexUj_LT_20140814\UrbanizationIndex\bin\Debug\tempproject\1\01.bmp;36;2;1;1
C:\Users\lipovitsa\Documents\_img\urban\prg\UrbanizationIndexUj_LT_20140827\UrbanizationIndexUj_LT_20140814\UrbanizationIndex\bin\Debug\tempproject\1\01.bmp;37;2;1;1
C:\Users\lipovitsa\Documents\_img\urban\prg\UrbanizationIndexUj_LT_20140827\UrbanizationIndexUj_LT_20140814\UrbanizationIndex\bin\Debug\tempproject\1\01.bmp;38;2;1;1
C:\Users\lipovitsa\Documents\_img\urban\prg\UrbanizationIndexUj_LT_20140827\UrbanizationIndexUj_LT_20140814\UrbanizationIndex\bin\Debug\tempproject\1\01.bmp;39;2;1;1
C:\Users\lipovitsa\Documents\_img\urban\prg\UrbanizationIndexUj_LT_20140827\UrbanizationIndexUj_LT_20140814\UrbanizationIndex\bin\Debug\tempproject\1\01.bmp;40;2;2;1
C:\Users\lipovitsa\Documents\_img\urban\prg\UrbanizationIndexUj_LT_20140827\UrbanizationIndexUj_LT_20140814\UrbanizationIndex\bin\Debug\tempproject\1\01.bmp;41;2;1;1
C:\Users\lipovitsa\Documents\_img\urban\prg\UrbanizationIndexUj_LT_20140827\UrbanizationIndexUj_LT_20140814\UrbanizationIndex\bin\Debug\tempproject\1\01.bmp;42;2;1;1
C:\Users\lipovitsa\Documents\_img\urban\prg\UrbanizationIndexUj_LT_20140827\UrbanizationIndexUj_LT_20140814\UrbanizationIndex\bin\Debug\tempproject\1\01.bmp;43;1;2;1
C:\Users\lipovitsa\Documents\_img\urban\prg\UrbanizationIndexUj_LT_20140827\UrbanizationIndexUj_LT_20140814\UrbanizationIndex\bin\Debug\tempproject\1\01.bmp;44;2;1;1
C:\Users\lipovitsa\Documents\_img\urban\prg\UrbanizationIndexUj_LT_20140827\UrbanizationIndexUj_LT_20140814\UrbanizationIndex\bin\Debug\tempproject\1\01.bmp;45;2;1;1
C:\Users\lipovitsa\Documents\_img\urban\prg\UrbanizationIndexUj_LT_20140827\UrbanizationIndexUj_LT_20140814\UrbanizationIndex\bin\Debug\tempproject\1\01.bmp;46;2;1;1
C:\Users\lipovitsa\Documents\_img\urban\prg\UrbanizationIndexUj_LT_20140827\UrbanizationIndexUj_LT_20140814\UrbanizationIndex\bin\Debug\tempproject\1\01.bmp;47;2;1;1
C:\Users\lipovitsa\Documents\_img\urban\prg\UrbanizationIndexUj_LT_20140827\UrbanizationIndexUj_LT_20140814\UrbanizationIndex\bin\Debug\tempproject\1\01.bmp;48;2;1;1
C:\Users\lipovitsa\Documents\_img\urban\prg\UrbanizationIndexUj_LT_20140827\UrbanizationIndexUj_LT_20140814\UrbanizationIndex\bin\Debug\tempproject\1\01.bmp;49;2;1;1
C:\Users\lipovitsa\Documents\_img\urban\prg\UrbanizationIndexUj_LT_20140827\UrbanizationIndexUj_LT_20140814\UrbanizationIndex\bin\Debug\tempproject\1\01.bmp;50;2;1;1
C:\Users\lipovitsa\Documents\_img\urban\prg\UrbanizationIndexUj_LT_20140827\UrbanizationIndexUj_LT_20140814\UrbanizationIndex\bin\Debug\tempproject\1\01.bmp;51;2;1;1
C:\Users\lipovitsa\Documents\_img\urban\prg\UrbanizationIndexUj_LT_20140827\UrbanizationIndexUj_LT_20140814\UrbanizationIndex\bin\Debug\tempproject\1\01.bmp;52;2;1;1
C:\Users\lipovitsa\Documents\_img\urban\prg\UrbanizationIndexUj_LT_20140827\UrbanizationIndexUj_LT_20140814\UrbanizationIndex\bin\Debug\tempproject\1\01.bmp;53;2;1;1
C:\Users\lipovitsa\Documents\_img\urban\prg\UrbanizationIndexUj_LT_20140827\UrbanizationIndexUj_LT_20140814\UrbanizationIndex\bin\Debug\tempproject\1\01.bmp;54;2;1;1
C:\Users\lipovitsa\Documents\_img\urban\prg\UrbanizationIndexUj_LT_20140827\UrbanizationIndexUj_LT_20140814\UrbanizationIndex\bin\Debug\tempproject\1\01.bmp;55;2;1;1
C:\Users\lipovitsa\Documents\_img\urban\prg\UrbanizationIndexUj_LT_20140827\UrbanizationIndexUj_LT_20140814\UrbanizationIndex\bin\Debug\tempproject\1\01.bmp;56;2;1;1
C:\Users\lipovitsa\Documents\_img\urban\prg\UrbanizationIndexUj_LT_20140827\UrbanizationIndexUj_LT_20140814\UrbanizationIndex\bin\Debug\tempproject\1\01.bmp;57;2;2;1
C:\Users\lipovitsa\Documents\_img\urban\prg\UrbanizationIndexUj_LT_20140827\UrbanizationIndexUj_LT_20140814\UrbanizationIndex\bin\Debug\tempproject\1\01.bmp;58;2;1;1
C:\Users\lipovitsa\Documents\_img\urban\prg\UrbanizationIndexUj_LT_20140827\UrbanizationIndexUj_LT_20140814\UrbanizationIndex\bin\Debug\tempproject\1\01.bmp;59;2;1;1
C:\Users\lipovitsa\Documents\_img\urban\prg\UrbanizationIndexUj_LT_20140827\UrbanizationIndexUj_LT_20140814\UrbanizationIndex\bin\Debug\tempproject\1\01.bmp;60;2;1;1
C:\Users\lipovitsa\Documents\_img\urban\prg\UrbanizationIndexUj_LT_20140827\UrbanizationIndexUj_LT_20140814\UrbanizationIndex\bin\Debug\tempproject\1\01.bmp;61;2;1;1
C:\Users\lipovitsa\Documents\_img\urban\prg\UrbanizationIndexUj_LT_20140827\UrbanizationIndexUj_LT_20140814\UrbanizationIndex\bin\Debug\tempproject\1\01.bmp;62;2;1;1
C:\Users\lipovitsa\Documents\_img\urban\prg\UrbanizationIndexUj_LT_20140827\UrbanizationIndexUj_LT_20140814\UrbanizationIndex\bin\Debug\tempproject\1\01.bmp;63;2;1;1
C:\Users\lipovitsa\Documents\_img\urban\prg\UrbanizationIndexUj_LT_20140827\UrbanizationIndexUj_LT_20140814\UrbanizationIndex\bin\Debug\tempproject\1\01.bmp;64;2;2;1
C:\Users\lipovitsa\Documents\_img\urban\prg\UrbanizationIndexUj_LT_20140827\UrbanizationIndexUj_LT_20140814\UrbanizationIndex\bin\Debug\tempproject\1\01.bmp;65;2;1;1
C:\Users\lipovitsa\Documents\_img\urban\prg\UrbanizationIndexUj_LT_20140827\UrbanizationIndexUj_LT_20140814\UrbanizationIndex\bin\Debug\tempproject\1\01.bmp;66;1;1;1
C:\Users\lipovitsa\Documents\_img\urban\prg\UrbanizationIndexUj_LT_20140827\UrbanizationIndexUj_LT_20140814\UrbanizationIndex\bin\Debug\tempproject\1\01.bmp;67;2;1;1
C:\Users\lipovitsa\Documents\_img\urban\prg\UrbanizationIndexUj_LT_20140827\UrbanizationIndexUj_LT_20140814\UrbanizationIndex\bin\Debug\tempproject\1\01.bmp;68;1;2;1
C:\Users\lipovitsa\Documents\_img\urban\prg\UrbanizationIndexUj_LT_20140827\UrbanizationIndexUj_LT_20140814\UrbanizationIndex\bin\Debug\tempproject\1\01.bmp;69;1;2;1
C:\Users\lipovitsa\Documents\_img\urban\prg\UrbanizationIndexUj_LT_20140827\UrbanizationIndexUj_LT_20140814\UrbanizationIndex\bin\Debug\tempproject\1\01.bmp;70;2;2;1
C:\Users\lipovitsa\Documents\_img\urban\prg\UrbanizationIndexUj_LT_20140827\UrbanizationIndexUj_LT_20140814\UrbanizationIndex\bin\Debug\tempproject\1\01.bmp;71;2;1;1
C:\Users\lipovitsa\Documents\_img\urban\prg\UrbanizationIndexUj_LT_20140827\UrbanizationIndexUj_LT_20140814\UrbanizationIndex\bin\Debug\tempproject\1\01.bmp;72;1;2;1
C:\Users\lipovitsa\Documents\_img\urban\prg\UrbanizationIndexUj_LT_20140827\UrbanizationIndexUj_LT_20140814\UrbanizationIndex\bin\Debug\tempproject\1\01.bmp;73;1;1;1
C:\Users\lipovitsa\Documents\_img\urban\prg\UrbanizationIndexUj_LT_20140827\UrbanizationIndexUj_LT_20140814\UrbanizationIndex\bin\Debug\tempproject\1\01.bmp;74;1;2;1
C:\Users\lipovitsa\Documents\_img\urban\prg\UrbanizationIndexUj_LT_20140827\UrbanizationIndexUj_LT_20140814\UrbanizationIndex\bin\Debug\tempproject\1\01.bmp;75;2;1;1
C:\Users\lipovitsa\Documents\_img\urban\prg\UrbanizationIndexUj_LT_20140827\UrbanizationIndexUj_LT_20140814\UrbanizationIndex\bin\Debug\tempproject\1\01.bmp;76;2;1;1
C:\Users\lipovitsa\Documents\_img\urban\prg\UrbanizationIndexUj_LT_20140827\UrbanizationIndexUj_LT_20140814\UrbanizationIndex\bin\Debug\tempproject\1\01.bmp;77;1;1;1
C:\Users\lipovitsa\Documents\_img\urban\prg\UrbanizationIndexUj_LT_20140827\UrbanizationIndexUj_LT_20140814\UrbanizationIndex\bin\Debug\tempproject\1\01.bmp;78;1;2;1
C:\Users\lipovitsa\Documents\_img\urban\prg\UrbanizationIndexUj_LT_20140827\UrbanizationIndexUj_LT_20140814\UrbanizationIndex\bin\Debug\tempproject\1\01.bmp;79;1;1;1
C:\Users\lipovitsa\Documents\_img\urban\prg\UrbanizationIndexUj_LT_20140827\UrbanizationIndexUj_LT_20140814\UrbanizationIndex\bin\Debug\tempproject\1\01.bmp;80;2;1;1
C:\Users\lipovitsa\Documents\_img\urban\prg\UrbanizationIndexUj_LT_20140827\UrbanizationIndexUj_LT_20140814\UrbanizationIndex\bin\Debug\tempproject\1\01.bmp;81;2;1;1
C:\Users\lipovitsa\Documents\_img\urban\prg\UrbanizationIndexUj_LT_20140827\UrbanizationIndexUj_LT_20140814\UrbanizationIndex\bin\Debug\tempproject\1\01.bmp;82;2;1;1
C:\Users\lipovitsa\Documents\_img\urban\prg\UrbanizationIndexUj_LT_20140827\UrbanizationIndexUj_LT_20140814\UrbanizationIndex\bin\Debug\tempproject\1\01.bmp;83;1;2;1
C:\Users\lipovitsa\Documents\_img\urban\prg\UrbanizationIndexUj_LT_20140827\UrbanizationIndexUj_LT_20140814\UrbanizationIndex\bin\Debug\tempproject\1\01.bmp;84;2;1;1
C:\Users\lipovitsa\Documents\_img\urban\prg\UrbanizationIndexUj_LT_20140827\UrbanizationIndexUj_LT_20140814\UrbanizationIndex\bin\Debug\tempproject\1\01.bmp;85;2;1;1
C:\Users\lipovitsa\Documents\_img\urban\prg\UrbanizationIndexUj_LT_20140827\UrbanizationIndexUj_LT_20140814\UrbanizationIndex\bin\Debug\tempproject\1\01.bmp;86;2;1;1
C:\Users\lipovitsa\Documents\_img\urban\prg\UrbanizationIndexUj_LT_20140827\UrbanizationIndexUj_LT_20140814\UrbanizationIndex\bin\Debug\tempproject\1\01.bmp;87;2;1;1
C:\Users\lipovitsa\Documents\_img\urban\prg\UrbanizationIndexUj_LT_20140827\UrbanizationIndexUj_LT_20140814\UrbanizationIndex\bin\Debug\tempproject\1\01.bmp;88;2;1;1
C:\Users\lipovitsa\Documents\_img\urban\prg\UrbanizationIndexUj_LT_20140827\UrbanizationIndexUj_LT_20140814\UrbanizationIndex\bin\Debug\tempproject\1\01.bmp;89;2;1;1
C:\Users\lipovitsa\Documents\_img\urban\prg\UrbanizationIndexUj_LT_20140827\UrbanizationIndexUj_LT_20140814\UrbanizationIndex\bin\Debug\tempproject\1\01.bmp;90;2;1;1
C:\Users\lipovitsa\Documents\_img\urban\prg\UrbanizationIndexUj_LT_20140827\UrbanizationIndexUj_LT_20140814\UrbanizationIndex\bin\Debug\tempproject\1\01.bmp;91;2;1;1
C:\Users\lipovitsa\Documents\_img\urban\prg\UrbanizationIndexUj_LT_20140827\UrbanizationIndexUj_LT_20140814\UrbanizationIndex\bin\Debug\tempproject\1\01.bmp;92;1;2;1
C:\Users\lipovitsa\Documents\_img\urban\prg\UrbanizationIndexUj_LT_20140827\UrbanizationIndexUj_LT_20140814\UrbanizationIndex\bin\Debug\tempproject\1\01.bmp;93;1;2;0
C:\Users\lipovitsa\Documents\_img\urban\prg\UrbanizationIndexUj_LT_20140827\UrbanizationIndexUj_LT_20140814\UrbanizationIndex\bin\Debug\tempproject\1\01.bmp;94;2;1;1
C:\Users\lipovitsa\Documents\_img\urban\prg\UrbanizationIndexUj_LT_20140827\UrbanizationIndexUj_LT_20140814\UrbanizationIndex\bin\Debug\tempproject\1\01.bmp;95;2;1;1
C:\Users\lipovitsa\Documents\_img\urban\prg\UrbanizationIndexUj_LT_20140827\UrbanizationIndexUj_LT_20140814\UrbanizationIndex\bin\Debug\tempproject\1\01.bmp;96;2;1;1
C:\Users\lipovitsa\Documents\_img\urban\prg\UrbanizationIndexUj_LT_20140827\UrbanizationIndexUj_LT_20140814\UrbanizationIndex\bin\Debug\tempproject\1\01.bmp;97;2;1;1
C:\Users\lipovitsa\Documents\_img\urban\prg\UrbanizationIndexUj_LT_20140827\UrbanizationIndexUj_LT_20140814\UrbanizationIndex\bin\Debug\tempproject\1\01.bmp;98;2;1;1
C:\Users\lipovitsa\Documents\_img\urban\prg\UrbanizationIndexUj_LT_20140827\UrbanizationIndexUj_LT_20140814\UrbanizationIndex\bin\Debug\tempproject\1\01.bmp;99;2;1;1
C:\Users\lipovitsa\Documents\_img\urban\prg\UrbanizationIndexUj_LT_20140827\UrbanizationIndexUj_LT_20140814\UrbanizationIndex\bin\Debug\tempproject\2\01.bmp;0;0;2;0
C:\Users\lipovitsa\Documents\_img\urban\prg\UrbanizationIndexUj_LT_20140827\UrbanizationIndexUj_LT_20140814\UrbanizationIndex\bin\Debug\tempproject\2\01.bmp;1;0;2;0
C:\Users\lipovitsa\Documents\_img\urban\prg\UrbanizationIndexUj_LT_20140827\UrbanizationIndexUj_LT_20140814\UrbanizationIndex\bin\Debug\tempproject\2\01.bmp;2;0;2;0
C:\Users\lipovitsa\Documents\_img\urban\prg\UrbanizationIndexUj_LT_20140827\UrbanizationIndexUj_LT_20140814\UrbanizationIndex\bin\Debug\tempproject\2\01.bmp;3;0;2;0
C:\Users\lipovitsa\Documents\_img\urban\prg\UrbanizationIndexUj_LT_20140827\UrbanizationIndexUj_LT_20140814\UrbanizationIndex\bin\Debug\tempproject\2\01.bmp;4;0;2;0
C:\Users\lipovitsa\Documents\_img\urban\prg\UrbanizationIndexUj_LT_20140827\UrbanizationIndexUj_LT_20140814\UrbanizationIndex\bin\Debug\tempproject\2\01.bmp;5;0;2;1
C:\Users\lipovitsa\Documents\_img\urban\prg\UrbanizationIndexUj_LT_20140827\UrbanizationIndexUj_LT_20140814\UrbanizationIndex\bin\Debug\tempproject\2\01.bmp;6;0;2;0
C:\Users\lipovitsa\Documents\_img\urban\prg\UrbanizationIndexUj_LT_20140827\UrbanizationIndexUj_LT_20140814\UrbanizationIndex\bin\Debug\tempproject\2\01.bmp;7;0;2;0
C:\Users\lipovitsa\Documents\_img\urban\prg\UrbanizationIndexUj_LT_20140827\UrbanizationIndexUj_LT_20140814\UrbanizationIndex\bin\Debug\tempproject\2\01.bmp;8;0;2;1
C:\Users\lipovitsa\Documents\_img\urban\prg\UrbanizationIndexUj_LT_20140827\UrbanizationIndexUj_LT_20140814\UrbanizationIndex\bin\Debug\tempproject\2\01.bmp;9;0;2;0
C:\Users\lipovitsa\Documents\_img\urban\prg\UrbanizationIndexUj_LT_20140827\UrbanizationIndexUj_LT_20140814\UrbanizationIndex\bin\Debug\tempproject\2\01.bmp;10;0;2;0
C:\Users\lipovitsa\Documents\_img\urban\prg\UrbanizationIndexUj_LT_20140827\UrbanizationIndexUj_LT_20140814\UrbanizationIndex\bin\Debug\tempproject\2\01.bmp;11;0;2;0
C:\Users\lipovitsa\Documents\_img\urban\prg\UrbanizationIndexUj_LT_20140827\UrbanizationIndexUj_LT_20140814\UrbanizationIndex\bin\Debug\tempproject\2\01.bmp;12;0;2;0
C:\Users\lipovitsa\Documents\_img\urban\prg\UrbanizationIndexUj_LT_20140827\UrbanizationIndexUj_LT_20140814\UrbanizationIndex\bin\Debug\tempproject\2\01.bmp;13;0;2;0
C:\Users\lipovitsa\Documents\_img\urban\prg\UrbanizationIndexUj_LT_20140827\UrbanizationIndexUj_LT_20140814\UrbanizationIndex\bin\Debug\tempproject\2\01.bmp;14;1;2;1
C:\Users\lipovitsa\Documents\_img\urban\prg\UrbanizationIndexUj_LT_20140827\UrbanizationIndexUj_LT_20140814\UrbanizationIndex\bin\Debug\tempproject\2\01.bmp;15;1;2;1
C:\Users\lipovitsa\Documents\_img\urban\prg\UrbanizationIndexUj_LT_20140827\UrbanizationIndexUj_LT_20140814\UrbanizationIndex\bin\Debug\tempproject\2\01.bmp;16;0;2;0
C:\Users\lipovitsa\Documents\_img\urban\prg\UrbanizationIndexUj_LT_20140827\UrbanizationIndexUj_LT_20140814\UrbanizationIndex\bin\Debug\tempproject\2\01.bmp;17;0;2;1
C:\Users\lipovitsa\Documents\_img\urban\prg\UrbanizationIndexUj_LT_20140827\UrbanizationIndexUj_LT_20140814\UrbanizationIndex\bin\Debug\tempproject\2\01.bmp;18;0;2;1
C:\Users\lipovitsa\Documents\_img\urban\prg\UrbanizationIndexUj_LT_20140827\UrbanizationIndexUj_LT_20140814\UrbanizationIndex\bin\Debug\tempproject\2\01.bmp;19;0;2;0
C:\Users\lipovitsa\Documents\_img\urban\prg\UrbanizationIndexUj_LT_20140827\UrbanizationIndexUj_LT_20140814\UrbanizationIndex\bin\Debug\tempproject\2\01.bmp;20;0;2;0
C:\Users\lipovitsa\Documents\_img\urban\prg\UrbanizationIndexUj_LT_20140827\UrbanizationIndexUj_LT_20140814\UrbanizationIndex\bin\Debug\tempproject\2\01.bmp;21;0;2;0
C:\Users\lipovitsa\Documents\_img\urban\prg\UrbanizationIndexUj_LT_20140827\UrbanizationIndexUj_LT_20140814\UrbanizationIndex\bin\Debug\tempproject\2\01.bmp;22;1;2;0
C:\Users\lipovitsa\Documents\_img\urban\prg\UrbanizationIndexUj_LT_20140827\UrbanizationIndexUj_LT_20140814\UrbanizationIndex\bin\Debug\tempproject\2\01.bmp;23;2;2;1
C:\Users\lipovitsa\Documents\_img\urban\prg\UrbanizationIndexUj_LT_20140827\UrbanizationIndexUj_LT_20140814\UrbanizationIndex\bin\Debug\tempproject\2\01.bmp;24;2;1;1
C:\Users\lipovitsa\Documents\_img\urban\prg\UrbanizationIndexUj_LT_20140827\UrbanizationIndexUj_LT_20140814\UrbanizationIndex\bin\Debug\tempproject\2\01.bmp;25;2;1;1
C:\Users\lipovitsa\Documents\_img\urban\prg\UrbanizationIndexUj_LT_20140827\UrbanizationIndexUj_LT_20140814\UrbanizationIndex\bin\Debug\tempproject\2\01.bmp;26;1;2;1
C:\Users\lipovitsa\Documents\_img\urban\prg\UrbanizationIndexUj_LT_20140827\UrbanizationIndexUj_LT_20140814\UrbanizationIndex\bin\Debug\tempproject\2\01.bmp;27;0;2;0
C:\Users\lipovitsa\Documents\_img\urban\prg\UrbanizationIndexUj_LT_20140827\UrbanizationIndexUj_LT_20140814\UrbanizationIndex\bin\Debug\tempproject\2\01.bmp;28;0;2;1
C:\Users\lipovitsa\Documents\_img\urban\prg\UrbanizationIndexUj_LT_20140827\UrbanizationIndexUj_LT_20140814\UrbanizationIndex\bin\Debug\tempproject\2\01.bmp;29;1;2;1
C:\Users\lipovitsa\Documents\_img\urban\prg\UrbanizationIndexUj_LT_20140827\UrbanizationIndexUj_LT_20140814\UrbanizationIndex\bin\Debug\tempproject\2\01.bmp;30;0;2;0
C:\Users\lipovitsa\Documents\_img\urban\prg\UrbanizationIndexUj_LT_20140827\UrbanizationIndexUj_LT_20140814\UrbanizationIndex\bin\Debug\tempproject\2\01.bmp;31;2;1;1
C:\Users\lipovitsa\Documents\_img\urban\prg\UrbanizationIndexUj_LT_20140827\UrbanizationIndexUj_LT_20140814\UrbanizationIndex\bin\Debug\tempproject\2\01.bmp;32;2;1;1
C:\Users\lipovitsa\Documents\_img\urban\prg\UrbanizationIndexUj_LT_20140827\UrbanizationIndexUj_LT_20140814\UrbanizationIndex\bin\Debug\tempproject\2\01.bmp;33;2;1;1
C:\Users\lipovitsa\Documents\_img\urban\prg\UrbanizationIndexUj_LT_20140827\UrbanizationIndexUj_LT_20140814\UrbanizationIndex\bin\Debug\tempproject\2\01.bmp;34;2;1;1
C:\Users\lipovitsa\Documents\_img\urban\prg\UrbanizationIndexUj_LT_20140827\UrbanizationIndexUj_LT_20140814\UrbanizationIndex\bin\Debug\tempproject\2\01.bmp;35;2;1;1
C:\Users\lipovitsa\Documents\_img\urban\prg\UrbanizationIndexUj_LT_20140827\UrbanizationIndexUj_LT_20140814\UrbanizationIndex\bin\Debug\tempproject\2\01.bmp;36;0;2;0
C:\Users\lipovitsa\Documents\_img\urban\prg\UrbanizationIndexUj_LT_20140827\UrbanizationIndexUj_LT_20140814\UrbanizationIndex\bin\Debug\tempproject\2\01.bmp;37;0;2;0
C:\Users\lipovitsa\Documents\_img\urban\prg\UrbanizationIndexUj_LT_20140827\UrbanizationIndexUj_LT_20140814\UrbanizationIndex\bin\Debug\tempproject\2\01.bmp;38;0;2;0
C:\Users\lipovitsa\Documents\_img\urban\prg\UrbanizationIndexUj_LT_20140827\UrbanizationIndexUj_LT_20140814\UrbanizationIndex\bin\Debug\tempproject\2\01.bmp;39;2;1;1
C:\Users\lipovitsa\Documents\_img\urban\prg\UrbanizationIndexUj_LT_20140827\UrbanizationIndexUj_LT_20140814\UrbanizationIndex\bin\Debug\tempproject\2\01.bmp;40;2;1;1
C:\Users\lipovitsa\Documents\_img\urban\prg\UrbanizationIndexUj_LT_20140827\UrbanizationIndexUj_LT_20140814\UrbanizationIndex\bin\Debug\tempproject\2\01.bmp;41;2;1;1
C:\Users\lipovitsa\Documents\_img\urban\prg\UrbanizationIndexUj_LT_20140827\UrbanizationIndexUj_LT_20140814\UrbanizationIndex\bin\Debug\tempproject\2\01.bmp;42;2;1;1
C:\Users\lipovitsa\Documents\_img\urban\prg\UrbanizationIndexUj_LT_20140827\UrbanizationIndexUj_LT_20140814\UrbanizationIndex\bin\Debug\tempproject\2\01.bmp;43;2;1;1
C:\Users\lipovitsa\Documents\_img\urban\prg\UrbanizationIndexUj_LT_20140827\UrbanizationIndexUj_LT_20140814\UrbanizationIndex\bin\Debug\tempproject\2\01.bmp;44;2;2;1
C:\Users\lipovitsa\Documents\_img\urban\prg\UrbanizationIndexUj_LT_20140827\UrbanizationIndexUj_LT_20140814\UrbanizationIndex\bin\Debug\tempproject\2\01.bmp;45;1;2;1
C:\Users\lipovitsa\Documents\_img\urban\prg\UrbanizationIndexUj_LT_20140827\UrbanizationIndexUj_LT_20140814\UrbanizationIndex\bin\Debug\tempproject\2\01.bmp;46;0;2;0
C:\Users\lipovitsa\Documents\_img\urban\prg\UrbanizationIndexUj_LT_20140827\UrbanizationIndexUj_LT_20140814\UrbanizationIndex\bin\Debug\tempproject\2\01.bmp;47;0;2;0
C:\Users\lipovitsa\Documents\_img\urban\prg\UrbanizationIndexUj_LT_20140827\UrbanizationIndexUj_LT_20140814\UrbanizationIndex\bin\Debug\tempproject\2\01.bmp;48;2;1;1
C:\Users\lipovitsa\Documents\_img\urban\prg\UrbanizationIndexUj_LT_20140827\UrbanizationIndexUj_LT_20140814\UrbanizationIndex\bin\Debug\tempproject\2\01.bmp;49;2;1;1
C:\Users\lipovitsa\Documents\_img\urban\prg\UrbanizationIndexUj_LT_20140827\UrbanizationIndexUj_LT_20140814\UrbanizationIndex\bin\Debug\tempproject\2\01.bmp;50;1;1;1
C:\Users\lipovitsa\Documents\_img\urban\prg\UrbanizationIndexUj_LT_20140827\UrbanizationIndexUj_LT_20140814\UrbanizationIndex\bin\Debug\tempproject\2\01.bmp;51;2;1;1
C:\Users\lipovitsa\Documents\_img\urban\prg\UrbanizationIndexUj_LT_20140827\UrbanizationIndexUj_LT_20140814\UrbanizationIndex\bin\Debug\tempproject\2\01.bmp;52;2;1;1
C:\Users\lipovitsa\Documents\_img\urban\prg\UrbanizationIndexUj_LT_20140827\UrbanizationIndexUj_LT_20140814\UrbanizationIndex\bin\Debug\tempproject\2\01.bmp;53;2;1;1
C:\Users\lipovitsa\Documents\_img\urban\prg\UrbanizationIndexUj_LT_20140827\UrbanizationIndexUj_LT_20140814\UrbanizationIndex\bin\Debug\tempproject\2\01.bmp;54;2;1;1
C:\Users\lipovitsa\Documents\_img\urban\prg\UrbanizationIndexUj_LT_20140827\UrbanizationIndexUj_LT_20140814\UrbanizationIndex\bin\Debug\tempproject\2\01.bmp;55;0;2;0
C:\Users\lipovitsa\Documents\_img\urban\prg\UrbanizationIndexUj_LT_20140827\UrbanizationIndexUj_LT_20140814\UrbanizationIndex\bin\Debug\tempproject\2\01.bmp;56;0;2;0
C:\Users\lipovitsa\Documents\_img\urban\prg\UrbanizationIndexUj_LT_20140827\UrbanizationIndexUj_LT_20140814\UrbanizationIndex\bin\Debug\tempproject\2\01.bmp;57;2;1;1
C:\Users\lipovitsa\Documents\_img\urban\prg\UrbanizationIndexUj_LT_20140827\UrbanizationIndexUj_LT_20140814\UrbanizationIndex\bin\Debug\tempproject\2\01.bmp;58;2;1;1
C:\Users\lipovitsa\Documents\_img\urban\prg\UrbanizationIndexUj_LT_20140827\UrbanizationIndexUj_LT_20140814\UrbanizationIndex\bin\Debug\tempproject\2\01.bmp;59;2;1;1
C:\Users\lipovitsa\Documents\_img\urban\prg\UrbanizationIndexUj_LT_20140827\UrbanizationIndexUj_LT_20140814\UrbanizationIndex\bin\Debug\tempproject\2\01.bmp;60;0;2;1
C:\Users\lipovitsa\Documents\_img\urban\prg\UrbanizationIndexUj_LT_20140827\UrbanizationIndexUj_LT_20140814\UrbanizationIndex\bin\Debug\tempproject\2\01.bmp;61;2;1;1
C:\Users\lipovitsa\Documents\_img\urban\prg\UrbanizationIndexUj_LT_20140827\UrbanizationIndexUj_LT_20140814\UrbanizationIndex\bin\Debug\tempproject\2\01.bmp;62;2;1;1
C:\Users\lipovitsa\Documents\_img\urban\prg\UrbanizationIndexUj_LT_20140827\UrbanizationIndexUj_LT_20140814\UrbanizationIndex\bin\Debug\tempproject\2\01.bmp;63;2;2;1
C:\Users\lipovitsa\Documents\_img\urban\prg\UrbanizationIndexUj_LT_20140827\UrbanizationIndexUj_LT_20140814\UrbanizationIndex\bin\Debug\tempproject\2\01.bmp;64;1;2;0
C:\Users\lipovitsa\Documents\_img\urban\prg\UrbanizationIndexUj_LT_20140827\UrbanizationIndexUj_LT_20140814\UrbanizationIndex\bin\Debug\tempproject\2\01.bmp;65;0;2;0
C:\Users\lipovitsa\Documents\_img\urban\prg\UrbanizationIndexUj_LT_20140827\UrbanizationIndexUj_LT_20140814\UrbanizationIndex\bin\Debug\tempproject\2\01.bmp;66;0;2;0
C:\Users\lipovitsa\Documents\_img\urban\prg\UrbanizationIndexUj_LT_20140827\UrbanizationIndexUj_LT_20140814\UrbanizationIndex\bin\Debug\tempproject\2\01.bmp;67;1;2;1
C:\Users\lipovitsa\Documents\_img\urban\prg\UrbanizationIndexUj_LT_20140827\UrbanizationIndexUj_LT_20140814\UrbanizationIndex\bin\Debug\tempproject\2\01.bmp;68;2;1;1
C:\Users\lipovitsa\Documents\_img\urban\prg\UrbanizationIndexUj_LT_20140827\UrbanizationIndexUj_LT_20140814\UrbanizationIndex\bin\Debug\tempproject\2\01.bmp;69;2;1;1
C:\Users\lipovitsa\Documents\_img\urban\prg\UrbanizationIndexUj_LT_20140827\UrbanizationIndexUj_LT_20140814\UrbanizationIndex\bin\Debug\tempproject\2\01.bmp;70;0;2;0
C:\Users\lipovitsa\Documents\_img\urban\prg\UrbanizationIndexUj_LT_20140827\UrbanizationIndexUj_LT_20140814\UrbanizationIndex\bin\Debug\tempproject\2\01.bmp;71;1;2;1
C:\Users\lipovitsa\Documents\_img\urban\prg\UrbanizationIndexUj_LT_20140827\UrbanizationIndexUj_LT_20140814\UrbanizationIndex\bin\Debug\tempproject\2\01.bmp;72;1;2;1
C:\Users\lipovitsa\Documents\_img\urban\prg\UrbanizationIndexUj_LT_20140827\UrbanizationIndexUj_LT_20140814\UrbanizationIndex\bin\Debug\tempproject\2\01.bmp;73;2;1;1
C:\Users\lipovitsa\Documents\_img\urban\prg\UrbanizationIndexUj_LT_20140827\UrbanizationIndexUj_LT_20140814\UrbanizationIndex\bin\Debug\tempproject\2\01.bmp;74;0;2;0
C:\Users\lipovitsa\Documents\_img\urban\prg\UrbanizationIndexUj_LT_20140827\UrbanizationIndexUj_LT_20140814\UrbanizationIndex\bin\Debug\tempproject\2\01.bmp;75;0;2;0
C:\Users\lipovitsa\Documents\_img\urban\prg\UrbanizationIndexUj_LT_20140827\UrbanizationIndexUj_LT_20140814\UrbanizationIndex\bin\Debug\tempproject\2\01.bmp;76;1;2;0
C:\Users\lipovitsa\Documents\_img\urban\prg\UrbanizationIndexUj_LT_20140827\UrbanizationIndexUj_LT_20140814\UrbanizationIndex\bin\Debug\tempproject\2\01.bmp;77;2;1;1
C:\Users\lipovitsa\Documents\_img\urban\prg\UrbanizationIndexUj_LT_20140827\UrbanizationIndexUj_LT_20140814\UrbanizationIndex\bin\Debug\tempproject\2\01.bmp;78;1;2;0
C:\Users\lipovitsa\Documents\_img\urban\prg\UrbanizationIndexUj_LT_20140827\UrbanizationIndexUj_LT_20140814\UrbanizationIndex\bin\Debug\tempproject\2\01.bmp;79;1;1;1
C:\Users\lipovitsa\Documents\_img\urban\prg\UrbanizationIndexUj_LT_20140827\UrbanizationIndexUj_LT_20140814\UrbanizationIndex\bin\Debug\tempproject\2\01.bmp;80;2;1;1
C:\Users\lipovitsa\Documents\_img\urban\prg\UrbanizationIndexUj_LT_20140827\UrbanizationIndexUj_LT_20140814\UrbanizationIndex\bin\Debug\tempproject\2\01.bmp;81;2;1;1
C:\Users\lipovitsa\Documents\_img\urban\prg\UrbanizationIndexUj_LT_20140827\UrbanizationIndexUj_LT_20140814\UrbanizationIndex\bin\Debug\tempproject\2\01.bmp;82;1;1;1
C:\Users\lipovitsa\Documents\_img\urban\prg\UrbanizationIndexUj_LT_20140827\UrbanizationIndexUj_LT_20140814\UrbanizationIndex\bin\Debug\tempproject\2\01.bmp;83;1;2;1
C:\Users\lipovitsa\Documents\_img\urban\prg\UrbanizationIndexUj_LT_20140827\UrbanizationIndexUj_LT_20140814\UrbanizationIndex\bin\Debug\tempproject\2\01.bmp;84;0;2;0
C:\Users\lipovitsa\Documents\_img\urban\prg\UrbanizationIndexUj_LT_20140827\UrbanizationIndexUj_LT_20140814\UrbanizationIndex\bin\Debug\tempproject\2\01.bmp;85;0;1;0
C:\Users\lipovitsa\Documents\_img\urban\prg\UrbanizationIndexUj_LT_20140827\UrbanizationIndexUj_LT_20140814\UrbanizationIndex\bin\Debug\tempproject\2\01.bmp;86;2;1;0
C:\Users\lipovitsa\Documents\_img\urban\prg\UrbanizationIndexUj_LT_20140827\UrbanizationIndexUj_LT_20140814\UrbanizationIndex\bin\Debug\tempproject\2\01.bmp;87;2;1;1
C:\Users\lipovitsa\Documents\_img\urban\prg\UrbanizationIndexUj_LT_20140827\UrbanizationIndexUj_LT_20140814\UrbanizationIndex\bin\Debug\tempproject\2\01.bmp;88;0;2;0
C:\Users\lipovitsa\Documents\_img\urban\prg\UrbanizationIndexUj_LT_20140827\UrbanizationIndexUj_LT_20140814\UrbanizationIndex\bin\Debug\tempproject\2\01.bmp;89;2;1;1
C:\Users\lipovitsa\Documents\_img\urban\prg\UrbanizationIndexUj_LT_20140827\UrbanizationIndexUj_LT_20140814\UrbanizationIndex\bin\Debug\tempproject\2\01.bmp;90;1;2;1
C:\Users\lipovitsa\Documents\_img\urban\prg\UrbanizationIndexUj_LT_20140827\UrbanizationIndexUj_LT_20140814\UrbanizationIndex\bin\Debug\tempproject\2\01.bmp;91;2;1;1
C:\Users\lipovitsa\Documents\_img\urban\prg\UrbanizationIndexUj_LT_20140827\UrbanizationIndexUj_LT_20140814\UrbanizationIndex\bin\Debug\tempproject\2\01.bmp;92;0;2;0
C:\Users\lipovitsa\Documents\_img\urban\prg\UrbanizationIndexUj_LT_20140827\UrbanizationIndexUj_LT_20140814\UrbanizationIndex\bin\Debug\tempproject\2\01.bmp;93;0;2;1
C:\Users\lipovitsa\Documents\_img\urban\prg\UrbanizationIndexUj_LT_20140827\UrbanizationIndexUj_LT_20140814\UrbanizationIndex\bin\Debug\tempproject\2\01.bmp;94;0;2;1
C:\Users\lipovitsa\Documents\_img\urban\prg\UrbanizationIndexUj_LT_20140827\UrbanizationIndexUj_LT_20140814\UrbanizationIndex\bin\Debug\tempproject\2\01.bmp;95;1;2;1
C:\Users\lipovitsa\Documents\_img\urban\prg\UrbanizationIndexUj_LT_20140827\UrbanizationIndexUj_LT_20140814\UrbanizationIndex\bin\Debug\tempproject\2\01.bmp;96;1;2;1
C:\Users\lipovitsa\Documents\_img\urban\prg\UrbanizationIndexUj_LT_20140827\UrbanizationIndexUj_LT_20140814\UrbanizationIndex\bin\Debug\tempproject\2\01.bmp;97;1;2;1
C:\Users\lipovitsa\Documents\_img\urban\prg\UrbanizationIndexUj_LT_20140827\UrbanizationIndexUj_LT_20140814\UrbanizationIndex\bin\Debug\tempproject\2\01.bmp;98;1;2;0
C:\Users\lipovitsa\Documents\_img\urban\prg\UrbanizationIndexUj_LT_20140827\UrbanizationIndexUj_LT_20140814\UrbanizationIndex\bin\Debug\tempproject\2\01.bmp;99;1;1;1
C:\Users\lipovitsa\Documents\_img\urban\prg\UrbanizationIndexUj_LT_20140827\UrbanizationIndexUj_LT_20140814\UrbanizationIndex\bin\Debug\tempproject\3\01.bmp;0;1;1;1
C:\Users\lipovitsa\Documents\_img\urban\prg\UrbanizationIndexUj_LT_20140827\UrbanizationIndexUj_LT_20140814\UrbanizationIndex\bin\Debug\tempproject\3\01.bmp;1;1;1;1
C:\Users\lipovitsa\Documents\_img\urban\prg\UrbanizationIndexUj_LT_20140827\UrbanizationIndexUj_LT_20140814\UrbanizationIndex\bin\Debug\tempproject\3\01.bmp;2;0;2;1
C:\Users\lipovitsa\Documents\_img\urban\prg\UrbanizationIndexUj_LT_20140827\UrbanizationIndexUj_LT_20140814\UrbanizationIndex\bin\Debug\tempproject\3\01.bmp;3;0;2;0
C:\Users\lipovitsa\Documents\_img\urban\prg\UrbanizationIndexUj_LT_20140827\UrbanizationIndexUj_LT_20140814\UrbanizationIndex\bin\Debug\tempproject\3\01.bmp;4;1;2;1
C:\Users\lipovitsa\Documents\_img\urban\prg\UrbanizationIndexUj_LT_20140827\UrbanizationIndexUj_LT_20140814\UrbanizationIndex\bin\Debug\tempproject\3\01.bmp;5;2;1;1
C:\Users\lipovitsa\Documents\_img\urban\prg\UrbanizationIndexUj_LT_20140827\UrbanizationIndexUj_LT_20140814\UrbanizationIndex\bin\Debug\tempproject\3\01.bmp;6;1;2;1
C:\Users\lipovitsa\Documents\_img\urban\prg\UrbanizationIndexUj_LT_20140827\UrbanizationIndexUj_LT_20140814\UrbanizationIndex\bin\Debug\tempproject\3\01.bmp;7;0;2;0
C:\Users\lipovitsa\Documents\_img\urban\prg\UrbanizationIndexUj_LT_20140827\UrbanizationIndexUj_LT_20140814\UrbanizationIndex\bin\Debug\tempproject\3\01.bmp;8;1;2;0
C:\Users\lipovitsa\Documents\_img\urban\prg\UrbanizationIndexUj_LT_20140827\UrbanizationIndexUj_LT_20140814\UrbanizationIndex\bin\Debug\tempproject\3\01.bmp;9;0;2;0
C:\Users\lipovitsa\Documents\_img\urban\prg\UrbanizationIndexUj_LT_20140827\UrbanizationIndexUj_LT_20140814\UrbanizationIndex\bin\Debug\tempproject\3\01.bmp;10;2;1;1
C:\Users\lipovitsa\Documents\_img\urban\prg\UrbanizationIndexUj_LT_20140827\UrbanizationIndexUj_LT_20140814\UrbanizationIndex\bin\Debug\tempproject\3\01.bmp;11;1;2;1
C:\Users\lipovitsa\Documents\_img\urban\prg\UrbanizationIndexUj_LT_20140827\UrbanizationIndexUj_LT_20140814\UrbanizationIndex\bin\Debug\tempproject\3\01.bmp;12;0;2;0
C:\Users\lipovitsa\Documents\_img\urban\prg\UrbanizationIndexUj_LT_20140827\UrbanizationIndexUj_LT_20140814\UrbanizationIndex\bin\Debug\tempproject\3\01.bmp;13;0;2;0
C:\Users\lipovitsa\Documents\_img\urban\prg\UrbanizationIndexUj_LT_20140827\UrbanizationIndexUj_LT_20140814\UrbanizationIndex\bin\Debug\tempproject\3\01.bmp;14;0;2;0
C:\Users\lipovitsa\Documents\_img\urban\prg\UrbanizationIndexUj_LT_20140827\UrbanizationIndexUj_LT_20140814\UrbanizationIndex\bin\Debug\tempproject\3\01.bmp;15;2;1;1
C:\Users\lipovitsa\Documents\_img\urban\prg\UrbanizationIndexUj_LT_20140827\UrbanizationIndexUj_LT_20140814\UrbanizationIndex\bin\Debug\tempproject\3\01.bmp;16;2;1;1
C:\Users\lipovitsa\Documents\_img\urban\prg\UrbanizationIndexUj_LT_20140827\UrbanizationIndexUj_LT_20140814\UrbanizationIndex\bin\Debug\tempproject\3\01.bmp;17;1;2;1
C:\Users\lipovitsa\Documents\_img\urban\prg\UrbanizationIndexUj_LT_20140827\UrbanizationIndexUj_LT_20140814\UrbanizationIndex\bin\Debug\tempproject\3\01.bmp;18;1;2;1
C:\Users\lipovitsa\Documents\_img\urban\prg\UrbanizationIndexUj_LT_20140827\UrbanizationIndexUj_LT_20140814\UrbanizationIndex\bin\Debug\tempproject\3\01.bmp;19;1;2;1
C:\Users\lipovitsa\Documents\_img\urban\prg\UrbanizationIndexUj_LT_20140827\UrbanizationIndexUj_LT_20140814\UrbanizationIndex\bin\Debug\tempproject\3\01.bmp;20;2;1;1
C:\Users\lipovitsa\Documents\_img\urban\prg\UrbanizationIndexUj_LT_20140827\UrbanizationIndexUj_LT_20140814\UrbanizationIndex\bin\Debug\tempproject\3\01.bmp;21;2;1;1
C:\Users\lipovitsa\Documents\_img\urban\prg\UrbanizationIndexUj_LT_20140827\UrbanizationIndexUj_LT_20140814\UrbanizationIndex\bin\Debug\tempproject\3\01.bmp;22;1;2;0
C:\Users\lipovitsa\Documents\_img\urban\prg\UrbanizationIndexUj_LT_20140827\UrbanizationIndexUj_LT_20140814\UrbanizationIndex\bin\Debug\tempproject\3\01.bmp;23;0;2;0
C:\Users\lipovitsa\Documents\_img\urban\prg\UrbanizationIndexUj_LT_20140827\UrbanizationIndexUj_LT_20140814\UrbanizationIndex\bin\Debug\tempproject\3\01.bmp;24;0;2;0
C:\Users\lipovitsa\Documents\_img\urban\prg\UrbanizationIndexUj_LT_20140827\UrbanizationIndexUj_LT_20140814\UrbanizationIndex\bin\Debug\tempproject\3\01.bmp;25;1;1;1
C:\Users\lipovitsa\Documents\_img\urban\prg\UrbanizationIndexUj_LT_20140827\UrbanizationIndexUj_LT_20140814\UrbanizationIndex\bin\Debug\tempproject\3\01.bmp;26;2;1;1
C:\Users\lipovitsa\Documents\_img\urban\prg\UrbanizationIndexUj_LT_20140827\UrbanizationIndexUj_LT_20140814\UrbanizationIndex\bin\Debug\tempproject\3\01.bmp;27;2;1;1
C:\Users\lipovitsa\Documents\_img\urban\prg\UrbanizationIndexUj_LT_20140827\UrbanizationIndexUj_LT_20140814\UrbanizationIndex\bin\Debug\tempproject\3\01.bmp;28;1;2;1
C:\Users\lipovitsa\Documents\_img\urban\prg\UrbanizationIndexUj_LT_20140827\UrbanizationIndexUj_LT_20140814\UrbanizationIndex\bin\Debug\tempproject\3\01.bmp;29;2;1;1
C:\Users\lipovitsa\Documents\_img\urban\prg\UrbanizationIndexUj_LT_20140827\UrbanizationIndexUj_LT_20140814\UrbanizationIndex\bin\Debug\tempproject\3\01.bmp;30;2;1;1
C:\Users\lipovitsa\Documents\_img\urban\prg\UrbanizationIndexUj_LT_20140827\UrbanizationIndexUj_LT_20140814\UrbanizationIndex\bin\Debug\tempproject\3\01.bmp;31;2;1;1
C:\Users\lipovitsa\Documents\_img\urban\prg\UrbanizationIndexUj_LT_20140827\UrbanizationIndexUj_LT_20140814\UrbanizationIndex\bin\Debug\tempproject\3\01.bmp;32;2;1;1
C:\Users\lipovitsa\Documents\_img\urban\prg\UrbanizationIndexUj_LT_20140827\UrbanizationIndexUj_LT_20140814\UrbanizationIndex\bin\Debug\tempproject\3\01.bmp;33;0;2;0
C:\Users\lipovitsa\Documents\_img\urban\prg\UrbanizationIndexUj_LT_20140827\UrbanizationIndexUj_LT_20140814\UrbanizationIndex\bin\Debug\tempproject\3\01.bmp;34;0;2;0
C:\Users\lipovitsa\Documents\_img\urban\prg\UrbanizationIndexUj_LT_20140827\UrbanizationIndexUj_LT_20140814\UrbanizationIndex\bin\Debug\tempproject\3\01.bmp;35;0;2;0
C:\Users\lipovitsa\Documents\_img\urban\prg\UrbanizationIndexUj_LT_20140827\UrbanizationIndexUj_LT_20140814\UrbanizationIndex\bin\Debug\tempproject\3\01.bmp;36;2;1;1
C:\Users\lipovitsa\Documents\_img\urban\prg\UrbanizationIndexUj_LT_20140827\UrbanizationIndexUj_LT_20140814\UrbanizationIndex\bin\Debug\tempproject\3\01.bmp;37;1;2;1
C:\Users\lipovitsa\Documents\_img\urban\prg\UrbanizationIndexUj_LT_20140827\UrbanizationIndexUj_LT_20140814\UrbanizationIndex\bin\Debug\tempproject\3\01.bmp;38;2;1;1
C:\Users\lipovitsa\Documents\_img\urban\prg\UrbanizationIndexUj_LT_20140827\UrbanizationIndexUj_LT_20140814\UrbanizationIndex\bin\Debug\tempproject\3\01.bmp;39;1;1;1
C:\Users\lipovitsa\Documents\_img\urban\prg\UrbanizationIndexUj_LT_20140827\UrbanizationIndexUj_LT_20140814\UrbanizationIndex\bin\Debug\tempproject\3\01.bmp;40;0;2;0
C:\Users\lipovitsa\Documents\_img\urban\prg\UrbanizationIndexUj_LT_20140827\UrbanizationIndexUj_LT_20140814\UrbanizationIndex\bin\Debug\tempproject\3\01.bmp;41;0;2;0
C:\Users\lipovitsa\Documents\_img\urban\prg\UrbanizationIndexUj_LT_20140827\UrbanizationIndexUj_LT_20140814\UrbanizationIndex\bin\Debug\tempproject\3\01.bmp;42;0;2;0
C:\Users\lipovitsa\Documents\_img\urban\prg\UrbanizationIndexUj_LT_20140827\UrbanizationIndexUj_LT_20140814\UrbanizationIndex\bin\Debug\tempproject\3\01.bmp;43;1;2;0
C:\Users\lipovitsa\Documents\_img\urban\prg\UrbanizationIndexUj_LT_20140827\UrbanizationIndexUj_LT_20140814\UrbanizationIndex\bin\Debug\tempproject\3\01.bmp;44;0;2;0
C:\Users\lipovitsa\Documents\_img\urban\prg\UrbanizationIndexUj_LT_20140827\UrbanizationIndexUj_LT_20140814\UrbanizationIndex\bin\Debug\tempproject\3\01.bmp;45;1;2;0
C:\Users\lipovitsa\Documents\_img\urban\prg\UrbanizationIndexUj_LT_20140827\UrbanizationIndexUj_LT_20140814\UrbanizationIndex\bin\Debug\tempproject\3\01.bmp;46;2;1;1
C:\Users\lipovitsa\Documents\_img\urban\prg\UrbanizationIndexUj_LT_20140827\UrbanizationIndexUj_LT_20140814\UrbanizationIndex\bin\Debug\tempproject\3\01.bmp;47;2;1;1
C:\Users\lipovitsa\Documents\_img\urban\prg\UrbanizationIndexUj_LT_20140827\UrbanizationIndexUj_LT_20140814\UrbanizationIndex\bin\Debug\tempproject\3\01.bmp;48;1;2;1
C:\Users\lipovitsa\Documents\_img\urban\prg\UrbanizationIndexUj_LT_20140827\UrbanizationIndexUj_LT_20140814\UrbanizationIndex\bin\Debug\tempproject\3\01.bmp;49;1;2;1
C:\Users\lipovitsa\Documents\_img\urban\prg\UrbanizationIndexUj_LT_20140827\UrbanizationIndexUj_LT_20140814\UrbanizationIndex\bin\Debug\tempproject\3\01.bmp;50;0;2;0
C:\Users\lipovitsa\Documents\_img\urban\prg\UrbanizationIndexUj_LT_20140827\UrbanizationIndexUj_LT_20140814\UrbanizationIndex\bin\Debug\tempproject\3\01.bmp;51;0;2;0
C:\Users\lipovitsa\Documents\_img\urban\prg\UrbanizationIndexUj_LT_20140827\UrbanizationIndexUj_LT_20140814\UrbanizationIndex\bin\Debug\tempproject\3\01.bmp;52;0;2;0
C:\Users\lipovitsa\Documents\_img\urban\prg\UrbanizationIndexUj_LT_20140827\UrbanizationIndexUj_LT_20140814\UrbanizationIndex\bin\Debug\tempproject\3\01.bmp;53;2;1;1
C:\Users\lipovitsa\Documents\_img\urban\prg\UrbanizationIndexUj_LT_20140827\UrbanizationIndexUj_LT_20140814\UrbanizationIndex\bin\Debug\tempproject\3\01.bmp;54;2;1;1
C:\Users\lipovitsa\Documents\_img\urban\prg\UrbanizationIndexUj_LT_20140827\UrbanizationIndexUj_LT_20140814\UrbanizationIndex\bin\Debug\tempproject\3\01.bmp;55;2;1;1
C:\Users\lipovitsa\Documents\_img\urban\prg\UrbanizationIndexUj_LT_20140827\UrbanizationIndexUj_LT_20140814\UrbanizationIndex\bin\Debug\tempproject\3\01.bmp;56;2;1;1
C:\Users\lipovitsa\Documents\_img\urban\prg\UrbanizationIndexUj_LT_20140827\UrbanizationIndexUj_LT_20140814\UrbanizationIndex\bin\Debug\tempproject\3\01.bmp;57;2;1;1
C:\Users\lipovitsa\Documents\_img\urban\prg\UrbanizationIndexUj_LT_20140827\UrbanizationIndexUj_LT_20140814\UrbanizationIndex\bin\Debug\tempproject\3\01.bmp;58;2;1;1
C:\Users\lipovitsa\Documents\_img\urban\prg\UrbanizationIndexUj_LT_20140827\UrbanizationIndexUj_LT_20140814\UrbanizationIndex\bin\Debug\tempproject\3\01.bmp;59;1;2;1
C:\Users\lipovitsa\Documents\_img\urban\prg\UrbanizationIndexUj_LT_20140827\UrbanizationIndexUj_LT_20140814\UrbanizationIndex\bin\Debug\tempproject\3\01.bmp;60;1;2;1
C:\Users\lipovitsa\Documents\_img\urban\prg\UrbanizationIndexUj_LT_20140827\UrbanizationIndexUj_LT_20140814\UrbanizationIndex\bin\Debug\tempproject\3\01.bmp;61;0;2;0
C:\Users\lipovitsa\Documents\_img\urban\prg\UrbanizationIndexUj_LT_20140827\UrbanizationIndexUj_LT_20140814\UrbanizationIndex\bin\Debug\tempproject\3\01.bmp;62;1;2;1
C:\Users\lipovitsa\Documents\_img\urban\prg\UrbanizationIndexUj_LT_20140827\UrbanizationIndexUj_LT_20140814\UrbanizationIndex\bin\Debug\tempproject\3\01.bmp;63;2;1;1
C:\Users\lipovitsa\Documents\_img\urban\prg\UrbanizationIndexUj_LT_20140827\UrbanizationIndexUj_LT_20140814\UrbanizationIndex\bin\Debug\tempproject\3\01.bmp;64;2;1;1
C:\Users\lipovitsa\Documents\_img\urban\prg\UrbanizationIndexUj_LT_20140827\UrbanizationIndexUj_LT_20140814\UrbanizationIndex\bin\Debug\tempproject\3\01.bmp;65;2;1;1
C:\Users\lipovitsa\Documents\_img\urban\prg\UrbanizationIndexUj_LT_20140827\UrbanizationIndexUj_LT_20140814\UrbanizationIndex\bin\Debug\tempproject\3\01.bmp;66;2;1;1
C:\Users\lipovitsa\Documents\_img\urban\prg\UrbanizationIndexUj_LT_20140827\UrbanizationIndexUj_LT_20140814\UrbanizationIndex\bin\Debug\tempproject\3\01.bmp;67;1;2;1
C:\Users\lipovitsa\Documents\_img\urban\prg\UrbanizationIndexUj_LT_20140827\UrbanizationIndexUj_LT_20140814\UrbanizationIndex\bin\Debug\tempproject\3\01.bmp;68;2;1;1
C:\Users\lipovitsa\Documents\_img\urban\prg\UrbanizationIndexUj_LT_20140827\UrbanizationIndexUj_LT_20140814\UrbanizationIndex\bin\Debug\tempproject\3\01.bmp;69;0;2;0
C:\Users\lipovitsa\Documents\_img\urban\prg\UrbanizationIndexUj_LT_20140827\UrbanizationIndexUj_LT_20140814\UrbanizationIndex\bin\Debug\tempproject\3\01.bmp;70;1;2;1
C:\Users\lipovitsa\Documents\_img\urban\prg\UrbanizationIndexUj_LT_20140827\UrbanizationIndexUj_LT_20140814\UrbanizationIndex\bin\Debug\tempproject\3\01.bmp;71;2;1;1
C:\Users\lipovitsa\Documents\_img\urban\prg\UrbanizationIndexUj_LT_20140827\UrbanizationIndexUj_LT_20140814\UrbanizationIndex\bin\Debug\tempproject\3\01.bmp;72;2;1;1
C:\Users\lipovitsa\Documents\_img\urban\prg\UrbanizationIndexUj_LT_20140827\UrbanizationIndexUj_LT_20140814\UrbanizationIndex\bin\Debug\tempproject\3\01.bmp;73;1;2;1
C:\Users\lipovitsa\Documents\_img\urban\prg\UrbanizationIndexUj_LT_20140827\UrbanizationIndexUj_LT_20140814\UrbanizationIndex\bin\Debug\tempproject\3\01.bmp;74;2;1;1
C:\Users\lipovitsa\Documents\_img\urban\prg\UrbanizationIndexUj_LT_20140827\UrbanizationIndexUj_LT_20140814\UrbanizationIndex\bin\Debug\tempproject\3\01.bmp;75;1;2;1
C:\Users\lipovitsa\Documents\_img\urban\prg\UrbanizationIndexUj_LT_20140827\UrbanizationIndexUj_LT_20140814\UrbanizationIndex\bin\Debug\tempproject\3\01.bmp;76;1;1;1
C:\Users\lipovitsa\Documents\_img\urban\prg\UrbanizationIndexUj_LT_20140827\UrbanizationIndexUj_LT_20140814\UrbanizationIndex\bin\Debug\tempproject\3\01.bmp;77;0;2;0
C:\Users\lipovitsa\Documents\_img\urban\prg\UrbanizationIndexUj_LT_20140827\UrbanizationIndexUj_LT_20140814\UrbanizationIndex\bin\Debug\tempproject\3\01.bmp;78;2;1;1
C:\Users\lipovitsa\Documents\_img\urban\prg\UrbanizationIndexUj_LT_20140827\UrbanizationIndexUj_LT_20140814\UrbanizationIndex\bin\Debug\tempproject\3\01.bmp;79;1;1;1
C:\Users\lipovitsa\Documents\_img\urban\prg\UrbanizationIndexUj_LT_20140827\UrbanizationIndexUj_LT_20140814\UrbanizationIndex\bin\Debug\tempproject\3\01.bmp;80;0;2;0
C:\Users\lipovitsa\Documents\_img\urban\prg\UrbanizationIndexUj_LT_20140827\UrbanizationIndexUj_LT_20140814\UrbanizationIndex\bin\Debug\tempproject\3\01.bmp;81;2;1;1
C:\Users\lipovitsa\Documents\_img\urban\prg\UrbanizationIndexUj_LT_20140827\UrbanizationIndexUj_LT_20140814\UrbanizationIndex\bin\Debug\tempproject\3\01.bmp;82;2;1;1
C:\Users\lipovitsa\Documents\_img\urban\prg\UrbanizationIndexUj_LT_20140827\UrbanizationIndexUj_LT_20140814\UrbanizationIndex\bin\Debug\tempproject\3\01.bmp;83;2;1;1
C:\Users\lipovitsa\Documents\_img\urban\prg\UrbanizationIndexUj_LT_20140827\UrbanizationIndexUj_LT_20140814\UrbanizationIndex\bin\Debug\tempproject\3\01.bmp;84;2;1;1
C:\Users\lipovitsa\Documents\_img\urban\prg\UrbanizationIndexUj_LT_20140827\UrbanizationIndexUj_LT_20140814\UrbanizationIndex\bin\Debug\tempproject\3\01.bmp;85;1;1;1
C:\Users\lipovitsa\Documents\_img\urban\prg\UrbanizationIndexUj_LT_20140827\UrbanizationIndexUj_LT_20140814\UrbanizationIndex\bin\Debug\tempproject\3\01.bmp;86;1;1;1
C:\Users\lipovitsa\Documents\_img\urban\prg\UrbanizationIndexUj_LT_20140827\UrbanizationIndexUj_LT_20140814\UrbanizationIndex\bin\Debug\tempproject\3\01.bmp;87;1;2;1
C:\Users\lipovitsa\Documents\_img\urban\prg\UrbanizationIndexUj_LT_20140827\UrbanizationIndexUj_LT_20140814\UrbanizationIndex\bin\Debug\tempproject\3\01.bmp;88;1;2;0
C:\Users\lipovitsa\Documents\_img\urban\prg\UrbanizationIndexUj_LT_20140827\UrbanizationIndexUj_LT_20140814\UrbanizationIndex\bin\Debug\tempproject\3\01.bmp;89;1;1;1
C:\Users\lipovitsa\Documents\_img\urban\prg\UrbanizationIndexUj_LT_20140827\UrbanizationIndexUj_LT_20140814\UrbanizationIndex\bin\Debug\tempproject\3\01.bmp;90;2;1;1
C:\Users\lipovitsa\Documents\_img\urban\prg\UrbanizationIndexUj_LT_20140827\UrbanizationIndexUj_LT_20140814\UrbanizationIndex\bin\Debug\tempproject\3\01.bmp;91;2;1;1
C:\Users\lipovitsa\Documents\_img\urban\prg\UrbanizationIndexUj_LT_20140827\UrbanizationIndexUj_LT_20140814\UrbanizationIndex\bin\Debug\tempproject\3\01.bmp;92;2;1;1
C:\Users\lipovitsa\Documents\_img\urban\prg\UrbanizationIndexUj_LT_20140827\UrbanizationIndexUj_LT_20140814\UrbanizationIndex\bin\Debug\tempproject\3\01.bmp;93;2;1;1
C:\Users\lipovitsa\Documents\_img\urban\prg\UrbanizationIndexUj_LT_20140827\UrbanizationIndexUj_LT_20140814\UrbanizationIndex\bin\Debug\tempproject\3\01.bmp;94;2;1;1
C:\Users\lipovitsa\Documents\_img\urban\prg\UrbanizationIndexUj_LT_20140827\UrbanizationIndexUj_LT_20140814\UrbanizationIndex\bin\Debug\tempproject\3\01.bmp;95;2;1;1
C:\Users\lipovitsa\Documents\_img\urban\prg\UrbanizationIndexUj_LT_20140827\UrbanizationIndexUj_LT_20140814\UrbanizationIndex\bin\Debug\tempproject\3\01.bmp;96;1;2;1
C:\Users\lipovitsa\Documents\_img\urban\prg\UrbanizationIndexUj_LT_20140827\UrbanizationIndexUj_LT_20140814\UrbanizationIndex\bin\Debug\tempproject\3\01.bmp;97;1;2;1
C:\Users\lipovitsa\Documents\_img\urban\prg\UrbanizationIndexUj_LT_20140827\UrbanizationIndexUj_LT_20140814\UrbanizationIndex\bin\Debug\tempproject\3\01.bmp;98;1;2;1
C:\Users\lipovitsa\Documents\_img\urban\prg\UrbanizationIndexUj_LT_20140827\UrbanizationIndexUj_LT_20140814\UrbanizationIndex\bin\Debug\tempproject\3\01.bmp;99;2;1;1
